Macrotema,Participante,Pergunta,Resposta,Códigos Iniciais
3. Perguntas gerais sobre o jogo,20250607_1653,O que você achou da experiência?,"Ah, pra mim foi uma experiência nova, né? Então, por isso que achei bom.",experiência nova
3. Perguntas gerais sobre o jogo,20250607_1653,O que chamou a sua atenção assim que você começou a jogar?,"Ah, eu fiquei bem confuso com os controles, né?",controles confusos
3. Perguntas gerais sobre o jogo,20250607_1653,"Logo nos primeiros momentos do jogo, você entendeu em que tipo de ambiente estava? Se sim, qual?","Sim, claro. No mar, no oceano, num aquário",ambiente compreendido
3. Perguntas gerais sobre o jogo,20250607_1653,Que elementos visuais te fizeram perceber que você estava nesse cenário?,"Os peixes, as tartarugas...",fauna marinha como indicador
3. Perguntas gerais sobre o jogo,20250607_1653,Você sentiu que a trilha sonora e os sons combinavam com a proposta do ambiente?,Sim.,trilha sonora coerente
3. Perguntas gerais sobre o jogo,20250607_1653,A música de fundo e os sons ambientes transmitiram alguma sensação específica para você?,"Sim, paz.",sensação de relaxamento
3. Perguntas gerais sobre o jogo,20250607_1728,O que você achou da experiência?,Confusa. É porque não estava conseguindo manejar os controles.,controles confusos
3. Perguntas gerais sobre o jogo,20250607_1728,O que chamou a sua atenção assim que você começou a jogar?,Submarino. Peixes.,"fauna marinha como indicador, submarino como indicador"
3. Perguntas gerais sobre o jogo,20250607_1728,"Logo nos primeiros momentos do jogo, você entendeu em que tipo de ambiente estava? Se sim, qual?",No mar.,mar como indicador
3. Perguntas gerais sobre o jogo,20250607_1728,Que elementos visuais te fizeram perceber que você estava nesse cenário?,Tartarugas. Peixes. O som te ajudou também as borbolinhas.,fauna marinha como indicador
3. Perguntas gerais sobre o jogo,20250607_1728,Você sentiu que a trilha sonora e os sons combinavam com a proposta do ambiente?,Sim.,trilha sonora coerente
3. Perguntas gerais sobre o jogo,20250607_1728,A música de fundo e os sons ambientes transmitiram alguma sensação específica para você?,Relaxar.,sensação de relaxamento
3. Perguntas gerais sobre o jogo,20250607_1903,O que você achou da experiência?,"Achei maneiro. Interessante. Eu nunca tinha usado o óculos, então foi uma coisa bem diferente. Mas eu me senti um pouco esse idoso confuso com a tecnologia, sabe? Que é todo mundo diferente. Mas é bem maneiro.","experiência positiva, experiência nova, experiência confusa"
3. Perguntas gerais sobre o jogo,20250607_1903,O que chamou a sua atenção assim que você começou a jogar?,"Caraca, é o fato de... De não ver nada ao redor. Só ver o jogo mesmo. Por mais que eu virasse muito assim, só tem o jogo.",imersão
3. Perguntas gerais sobre o jogo,20250607_1903,"Logo nos primeiros momentos do jogo, você entendeu em que tipo de ambiente estava? Se sim, qual?",Sim. Como se fosse um submarino.,submarino como indicador
3. Perguntas gerais sobre o jogo,20250607_1903,Que elementos visuais te fizeram perceber que você estava nesse cenário?,"A parte da mecânica, né, parece um bracinho de robô e por aqui está também dentro da água, né, no fundo do mar.","mar como indicador, submarino como indicador"
3. Perguntas gerais sobre o jogo,20250607_1903,Você sentiu que a trilha sonora e os sons combinavam com a proposta do ambiente?,"Sim. De fundo do mar, de aguinha... Entendi. O bolhazinhas.",trilha sonora coerente
3. Perguntas gerais sobre o jogo,20250607_1903,A música de fundo e os sons ambientes transmitiram alguma sensação específica para você?,"No começo eu fiquei um pouco aflita, a musiquinha rolando e eu tava tentando entender um pouco os comandos, aí eu fiquei um pouco aflita, mas depois ela foi acalmando.",sensação de desconforto
3. Perguntas gerais sobre o jogo,20250607_1941,O que você achou da experiência?,"Bem legal, bem legal. Acho que tava... bastante imersivo. Alguns momentos pareceia de fato um submarino.","experiência positiva, imersão, submarino como indicador"
3. Perguntas gerais sobre o jogo,20250607_1941,O que chamou a sua atenção assim que você começou a jogar?,"E o conjunto assim, a sincronia do som e tal. Acho que todo o contexto também no fim do mar, acho que isso deixou interessante. Essas coisas estavam bem sincronizadas.","atenção ao som, mar como indicador, fauna marinha como indicador"
3. Perguntas gerais sobre o jogo,20250607_1941,"Logo nos primeiros momentos do jogo, você entendeu em que tipo de ambiente estava? Se sim, qual?",Sim. Tava num... Uma zona no fundo do mar que tinha uma espécie de... Exploração ali.,mar como indicador
3. Perguntas gerais sobre o jogo,20250607_1941,Que elementos visuais te fizeram perceber que você estava nesse cenário?,"Tinha meio que umas máquinas assim, no fundo",elementos de náufragio como indicador
3. Perguntas gerais sobre o jogo,20250607_1941,Você sentiu que a trilha sonora e os sons combinavam com a proposta do ambiente?,"Sim. Tá bem fluido, assim, bem sincronizado.",sincronia do som
3. Perguntas gerais sobre o jogo,20250607_1941,A música de fundo e os sons ambientes transmitiram alguma sensação específica para você?,"Tinha a sensação de tranquilidade. Passar a imagem que... Tu teria no fundo d'água, né?",sensação de relaxamento
3. Perguntas gerais sobre o jogo,20250607_2206,O que você achou da experiência?,"Cara, achei o gráfico legal. Deu pra emergir. Deu pra emergir bem, assim, pra você. A tartaruga é mó bonita e tudo mais. Mas eu achei algumas experiências um pouco bugadas. Primeiro, tem uma hora que a garra sumiu. Aí eu fiquei meio confuso, porque cadê a garra e tal. Acho que eu desregulei lá da parada. Teve também, acho que o mapa não deixa muito claro, se eu tô de frente pro peixe, se eu tô atrás do peixe, aí eu ficava meio confuso. E eu não... Pelo menos eu não consegui ver o peixe brilhando, tá ligado? Algumas horas. Eu falei, caralho, aí tem umas horas que você enjoa, você não vê ele muito tempo. Se ela tá longe de você, você não se enxerga no mapa? Fica meio caralho, o que eu vou fazer? Nenhum peixe tá brilhando, eu vou acertar e pegar qualquer coisa, tá ligado?","experiência positiva, imersão, fauna marinha como indicador, experiência confusa, tédio"
3. Perguntas gerais sobre o jogo,20250607_2206,O que chamou a sua atenção assim que você começou a jogar?,"Cara, chamou a atenção, acho que, no começo, o ambiente, né? Tipo, realmente, o gráfico legal, você viu os petinhos, tava o Baía de Guanabara, pô, daqui da região. Pô, maneiro, tipo, interessante.","atenção aos elementos visuais, fauna marinha como indicador, baia de guanabara"
3. Perguntas gerais sobre o jogo,20250607_2206,"Logo nos primeiros momentos do jogo, você entendeu em que tipo de ambiente estava? Se sim, qual?","Entendi que eu tava na Baía de Guanabara, embaixo d'água ali, com o submarino.","ambiente compreendido, baia de guanabara, mar como indicador"
3. Perguntas gerais sobre o jogo,20250607_2206,Que elementos visuais te fizeram perceber que você estava nesse cenário?,"Os peixes, principalmente.",fauna marinha como indicador
3. Perguntas gerais sobre o jogo,20250607_2206,Você sentiu que a trilha sonora e os sons combinavam com a proposta do ambiente?,"Acredito que sim. A trilha, se você ficar meio perdido no jogo, pode ficar meio repetitivo, eu acho. Tipo, meio enjoativa, sabe? Porque você não tá achando o jogo, ele tá meio puto procurando o peixe e não tá achando. E aí, a musiquinha fica incomodando. Mas no começo eu achei agradável.","trilha sonora coerente, trilha sonora repetitiva"
3. Perguntas gerais sobre o jogo,20250607_2206,A música de fundo e os sons ambientes transmitiram alguma sensação específica para você?,"Cara, traz a sensação de um joguinho, de relaxar, sabe? Aquelas músicas que você joga pra um jogo de rolê.",sensação de relaxamento
3. Perguntas gerais sobre o jogo,20250608_1448,O que você achou da experiência?,"Tranquilo. Divertidinho, bonito e divertido, mas relaxante.","sensação de relaxamento, experiência divertida"
3. Perguntas gerais sobre o jogo,20250608_1448,O que chamou a sua atenção assim que você começou a jogar?,O visual do jogo. Achei bonito. Passa uma tranquilidade.,sensação de relaxamento
3. Perguntas gerais sobre o jogo,20250608_1448,"Logo nos primeiros momentos do jogo, você entendeu em que tipo de ambiente estava? Se sim, qual?","Sim, foi no mar, mas quando a instituição falou da Baia da Guanabara, deu uma localizada.","ambiente compreendido, baia de guanabara, mar como indicador"
3. Perguntas gerais sobre o jogo,20250608_1448,Que elementos visuais te fizeram perceber que você estava nesse cenário?,"Ah, uns peixes, água. Ah, tive barulhinho de água mesmo.",fauna marinha como indicador
3. Perguntas gerais sobre o jogo,20250608_1448,Você sentiu que a trilha sonora e os sons combinavam com a proposta do ambiente?,Sim,trilha sonora coerente
3. Perguntas gerais sobre o jogo,20250608_1448,A música de fundo e os sons ambientes transmitiram alguma sensação específica para você?,Tranquilidade.,sensação de relaxamento
3. Perguntas gerais sobre o jogo,20250608_1520,O que você achou da experiência?,"Achei muito maneiro. Porque é muito diferente você jogar um jogo e ter, como posso dizer, essa imersão de você mexer o braço e pegar, e você olhar pro lado e tipo, o movimento dos seus braços. O movimento dos seus braços importar, e da sua mão importar, do seu olho importar, tudo importa. É muito diferente você pegar um controle normal e só apertar botão. É muito diferente, até porque os braços são individuais, que tem a função da garrinha, acho que por isso que eu achei maneiro, que você parece estar bem dentro do jogo mesmo.","experiência positiva, experiência nova, imersão"
3. Perguntas gerais sobre o jogo,20250608_1520,O que chamou a sua atenção assim que você começou a jogar?,"Eu tava tentando entender primeiro, mas eu achei maneiro. Tipo, pra mim o que eu achei mais legal e o que me deixou mais... Achei mais interessante foi a garrinha mexer de acordo com o meu braço mexe. que parecia que eu mesma tava ali, entendeu? Porque, tipo, se fosse só o óculos... O óculos, ok, eu tô olhando no universo. Seria só o óculos, mas não, o controlezinho também faz a gente se sentir mais dentro.","atenção aos controles, imersão"
3. Perguntas gerais sobre o jogo,20250608_1520,"Logo nos primeiros momentos do jogo, você entendeu em que tipo de ambiente estava? Se sim, qual?",Sim. Oceano,"ambiente compreendido, mar como indicador"
3. Perguntas gerais sobre o jogo,20250608_1520,Que elementos visuais te fizeram perceber que você estava nesse cenário?,"Os peixes, a água, cor azul. ","fauna marinha como indicador, cor como identificador"
3. Perguntas gerais sobre o jogo,20250608_1520,Você sentiu que a trilha sonora e os sons combinavam com a proposta do ambiente?,"Sim. Ah, tinha, tinha uma... uma musiquinha de... que parece quando a gente tá debaixo da água.","trilha sonora coerente, imersão"
3. Perguntas gerais sobre o jogo,20250608_1520,A música de fundo e os sons ambientes transmitiram alguma sensação específica para você?,Não.,não relacionado
3. Perguntas gerais sobre o jogo,20250609_2048,O que você achou da experiência?,"Divertido. Foi maneiro. Que... VR, né? Legal, era o barquinho embaixo d'água. Nunca... As vezes que eu joguei VR eu não joguei barquinho embaixo d'água. Achei... Achei maneiro. Achei legal. Achei... Diferente. Inteligente. Tipo, literalmente eu jogaria uma porra num jogo assim. Principalmente porque eu... Tipo, quando você se move... Sabe jogo, tipo, sei lá, que você anda? Que você se move andando? Eu fico muito tonto. Mas isso como faz sentido, tipo, você tá dando negócio, eu não fiquei tonto, mexendo nada. Daria pra jogar por muito tempo, assim, tipo... É um jogo de tio, tá ligado? Jogo relaxanate.","experiência positiva, experiência nova, experiência divertida, elementos de náufragio como indicador, sensação de relaxamento"
3. Perguntas gerais sobre o jogo,20250609_2048,O que chamou a sua atenção assim que você começou a jogar?,"É... Cara, chamou minha atenção? Não sei... o jogo ia ser ideia, eu não falei ideia que ia ser isso, embaixo d'água assim, com um robô. O polimento... É bom o jogo, isso, né? Tá maneiro, tá bom. Foi a qualidade que chamou a atenção.",qualidade do jogo
3. Perguntas gerais sobre o jogo,20250609_2048,"Logo nos primeiros momentos do jogo, você entendeu em que tipo de ambiente estava? Se sim, qual?","Sim. Baia de Guanabara, embaixo dela.",baia de guanabara
3. Perguntas gerais sobre o jogo,20250609_2048,Que elementos visuais te fizeram perceber que você estava nesse cenário?,"Visual, eu não me toquei não, devia ter distraído. Eu ouvia da mulher falando. Mas visual, eu não me toquei de cara não, que era bem Guanabara ou não. A mulher falou que tava lá bem Guanabara.",baia de guanabara
3. Perguntas gerais sobre o jogo,20250609_2048,Você sentiu que a trilha sonora e os sons combinavam com a proposta do ambiente?,"Bom, pô, bolha, os caralho, não sei o que, sons de fundo, achei, achei. Achei 100%.",trilha sonora coerente
3. Perguntas gerais sobre o jogo,20250609_2048,A música de fundo e os sons ambientes transmitiram alguma sensação específica para você?,Aham. Tesão.,não relacionado
4. Controle e Navegação,20250607_1653,O que te fez entender como mover o submarino?,"As explicações, né, que ela deu",tutorial narrado
4. Controle e Navegação,20250607_1653,Como foi a sua experiência ao controlar o submarino?,Diferente,experiência nova
4. Controle e Navegação,20250607_1653,"Houve alguma situação em que você não soube como movimentar o submarino? Se sim, o que fez para voltar ao comando?",No início. Só comecei a pilotar depois da explicação do jogo,"confusão inicial, entendimento por instrução"
4. Controle e Navegação,20250607_1653,Você sentiu que os controles respondiam bem aos seus comandos?,Sim.,controle positivo
4. Controle e Navegação,20250607_1653,Como você identificou no controle o responsável por movimentar o submarino?,Eu testei os botões até achar,descoberta por tentativa e erro
4. Controle e Navegação,20250607_1653,"Em algum momento você ""perdeu"" o gatilho responsável por movimentar o submarino? Se sim, o que fez para achá-lo novamente?","Sim, no começo, porque eu não entendi. E para achar novamente, foi no tato né. Uma coisa que me chamou atenção, foi no início em que tinha um desenho que mostrava onde ficava a letra A.","gatilho perdido e recuperado, descoberta por tentativa e erro, instruções no painel"
4. Controle e Navegação,20250607_1728,O que te fez entender como mover o submarino?,Quando eu comecei a movimentar os controles.,descoberta por tentativa e erro
4. Controle e Navegação,20250607_1728,Como foi a sua experiência ao controlar o submarino?,Uma experiência diferente. Eu realmente achei que tava tendo controle de um submarino.,"experiência nova, imersão"
4. Controle e Navegação,20250607_1728,"Houve alguma situação em que você não soube como movimentar o submarino? Se sim, o que fez para voltar ao comando?",Teve. Aquela quando eu mexia pro controle e o submarino ia junto.,não relacionado
4. Controle e Navegação,20250607_1728,Você sentiu que os controles respondiam bem aos seus comandos?,Às vezes.,não relacionado
4. Controle e Navegação,20250607_1728,Como você identificou no controle o responsável por movimentar o submarino?,Apertando os botões.,descoberta por tentativa e erro
4. Controle e Navegação,20250607_1728,"Em algum momento você ""perdeu"" o gatilho responsável por movimentar o submarino? Se sim, o que fez para achá-lo novamente?",Teve. Em vários momentos. Achei eles novamente testando e apertando os botões.,descoberta por tentativa e erro
4. Controle e Navegação,20250607_1903,O que te fez entender como mover o submarino?,"Primeiro, né, na orientação, que apareceu sobre movimentação, rotação... Lá no início. E depois, testando do meio.","instruções no painel, descoberta por tentativa e erro"
4. Controle e Navegação,20250607_1903,Como foi a sua experiência ao controlar o submarino?,"Foi tranquilo. É um pouco confuso, assim, a rotação para poder se guiar pelo mapa que eu achei, porque eu não entendia muito bem para onde que o submarino estava virado pelo mapa, mas depois acabou acontecendo, assim, foi.",confusão ou dificuldade
4. Controle e Navegação,20250607_1903,"Houve alguma situação em que você não soube como movimentar o submarino? Se sim, o que fez para voltar ao comando?","Sim, nessa parte de não saber exatamente pra onde ele tava virado, porque pelo mapa, os peixinhos tão passando ao redor do submarino, mas eu não consegui identificar o certo se ele tava passando muito na minha frente ou ao redor, pra trás. Parecia que o submarino ele só movia, mas o peixe não, sabe? Parece que ele virava assim todo dia. Eu só fiquei procurando peixe e teve uma hora que ele ficou com a bordinha colorida e aí eu sabia que tava de frente pra ele, entendi, eu não soube como resolver.",dificuldade com o radar
4. Controle e Navegação,20250607_1903,Você sentiu que os controles respondiam bem aos seus comandos?,Sim.,controle positivo
4. Controle e Navegação,20250607_1903,Como você identificou no controle o responsável por movimentar o submarino?,Testando e por eu já ter visto a orientação na parte inicial.,"descoberta por tentativa e erro, instruções no painel"
4. Controle e Navegação,20250607_1903,"Em algum momento você ""perdeu"" o gatilho responsável por movimentar o submarino? Se sim, o que fez para achá-lo novamente?","Perdi, teve uma hora que eu esqueci qual era o comando e aí eu tive que testar qual era, se era o de cima ou se era o lateral.","gatilho perdido e recuperado, descoberta por tentativa e erro"
4. Controle e Navegação,20250607_1941,O que te fez entender como mover o submarino?,"Ah, acho que a experiência espelha mesmo. Um iogo, assim.",experiência prévia
4. Controle e Navegação,20250607_1941,Como foi a sua experiência ao controlar o submarino?,"Não foi tão boa, senti falta de alguns controles. Girar em alguns eixos. Mas no geral, tudo bem.",faltou controles
4. Controle e Navegação,20250607_1941,"Houve alguma situação em que você não soube como movimentar o submarino? Se sim, o que fez para voltar ao comando?","Acho que... mais por cima de falta desse movimento, mas... É contornado, né? Virar, como se fosse um... No mesmo eixo, sabe? E eu, tipo, ia girar e assim... Aham. Assim... O outro meio que subia e descia. Dei uma volta, assim, no eixo, mais que leve. Ok.",faltou controles
4. Controle e Navegação,20250607_1941,Você sentiu que os controles respondiam bem aos seus comandos?,"Sim. O que eu senti um pouco foi na hora da captura do peixe. Ou garra passava, ou tava muito antes, sabe?","controle positivo, problema com as garras"
4. Controle e Navegação,20250607_1941,Como você identificou no controle o responsável por movimentar o submarino?,Acho que a experiência foi prévia.,experiência prévia
4. Controle e Navegação,20250607_1941,"Em algum momento você ""perdeu"" o gatilho responsável por movimentar o submarino? Se sim, o que fez para achá-lo novamente?",Não.,gatilhode de fácil localização
4. Controle e Navegação,20250607_2206,O que te fez entender como mover o submarino?,"Acho que eu consegui entender melhor pra frente, pra trás, claro, pro outro, que é meio em dúvida na questão da profundidade, se eu conseguia subir ou descer, isso eu não entendi muito bem. Mas acho que o intuitivo ia ser esse movimento lateral, assim, pelo joystick. Talvez esse movimento da terceira dimensão ali, né, que pode ter ficado um pouco confuso ali, acho que demorei pra pegar. O que fica na mão direita ali.",confusão ou dificuldade
4. Controle e Navegação,20250607_2206,Como foi a sua experiência ao controlar o submarino?,"Cara, teve esse ponto da garra, né, que se perdeu em algum momento, isso incomodou. E o mapa incomodou bastante também, mas o profundidade, se poder ir pra frente, ver os bichinhos, achei tranquilo, achei legal.","dificuldade com o radar, problema com as garras, experiência positiva"
4. Controle e Navegação,20250607_2206,"Houve alguma situação em que você não soube como movimentar o submarino? Se sim, o que fez para voltar ao comando?","Cara, não sabia movimentar, não sabia pra onde estava ele, não sabia movimentar o submarino.",confusão ou dificuldade
4. Controle e Navegação,20250607_2206,Você sentiu que os controles respondiam bem aos seus comandos?,Acredito que sim. Responderam bem.,controle positivo
4. Controle e Navegação,20250607_2206,Como você identificou no controle o responsável por movimentar o submarino?,"Acho que foi intuitivo. A movimentação, pelo menos a movimentação pra frente e pra trás, pro lado e pro outro. Não a de profundidade, eu acho que foi mais intuitivo.","intuitivo, problema com emergir e submergir"
4. Controle e Navegação,20250607_2206,"Em algum momento você ""perdeu"" o gatilho responsável por movimentar o submarino? Se sim, o que fez para achá-lo novamente?","Ah, por movimentar o submarino, não.",gatilhode de fácil localização
4. Controle e Navegação,20250608_1448,O que te fez entender como mover o submarino?,"Então, no início tinha a instrução no painel falando pra mover os analógicos do controle.",instruções no painel
4. Controle e Navegação,20250608_1448,Como foi a sua experiência ao controlar o submarino?,"Teve um momento que parecia que tava bugado. Que eu olhei no... Tinha um mapa ali, que tava meio confuso também pra eu ver. E aí eu movi ele pra uma direção. E ele não tava num... O mapa tava indo pra outra. Aí depois ele meio que ajeitou. Eu também fiquei confusa qual era o... Do... Do submarino, qual que era a parte da frente e a de trás também. Fiquei confusa.","confusão ou dificuldade, dificuldade com o radar"
4. Controle e Navegação,20250608_1448,"Houve alguma situação em que você não soube como movimentar o submarino? Se sim, o que fez para voltar ao comando?","Submarino não, mas eu não soube como iniciar o jogo. Porque não tinha nenhuma instrução sobre qual botão que eu tinha que apertar para iniciar o jogo. Só ia apertando o tecla botão.","não relacionado, problema para inicar o jogo"
4. Controle e Navegação,20250608_1448,Você sentiu que os controles respondiam bem aos seus comandos?,Exceto nessa vez que eu movimentei o submarino para uma direção e ele não foi.,confusão ou dificuldade
4. Controle e Navegação,20250608_1448,Como você identificou no controle o responsável por movimentar o submarino?,"Foi pela instrução. Ah, eu fui no tátil mesmo, de sentir qual era o botão da alavancazinha, aí movimentou.","entendimento por instrução, descoberta por tentativa e erro"
4. Controle e Navegação,20250608_1448,"Em algum momento você ""perdeu"" o gatilho responsável por movimentar o submarino? Se sim, o que fez para achá-lo novamente?",Não.,gatilhode de fácil localização
4. Controle e Navegação,20250608_1520,O que te fez entender como mover o submarino?,"As regras... As regras ajudaram, porque eu demorei um pouquinho a entender como funciona. E os... Como posso explicar? Tinha um tutorial, né? Que me ajudou a entender pra que funcionam os botões. Aí eu consegui... E o analógico é meio intuitivo. Mesmo no analógico, mexe no submarino, mas... Os botõezinhos e as dicas do jogo.","instruções no painel, entendimento por instrução, intuitivo"
4. Controle e Navegação,20250608_1520,Como foi a sua experiência ao controlar o submarino?,Divertido. Eu adorei mesmo a garrinha do submarino. Pra mim foi a parte mais divertida.,experiência positiva
4. Controle e Navegação,20250608_1520,"Houve alguma situação em que você não soube como movimentar o submarino? Se sim, o que fez para voltar ao comando?","Quando eu esqueci que o meu braço era a garrinha, mas o submarino em si, que mexia no analógico, não tive dificuldade.",gatilho perdido e recuperado
4. Controle e Navegação,20250608_1520,Você sentiu que os controles respondiam bem aos seus comandos?,Sim.,experiência positiva
4. Controle e Navegação,20250608_1520,Como você identificou no controle o responsável por movimentar o submarino?,"Era um analógico, foi intuitivo.","intuitivo, experiência prévia"
4. Controle e Navegação,20250608_1520,"Em algum momento você ""perdeu"" o gatilho responsável por movimentar o submarino? Se sim, o que fez para achá-lo novamente?",Analógico? Não.,"experiência prévia, gatilhode de fácil localização"
4. Controle e Navegação,20250609_2048,O que te fez entender como mover o submarino?,"Eu sou gamer. Eu sou gamer. Era do jeito que era. Inclusive esse é o modo 3 do drone DJI. É o modo 3. O modo 2 é invertido. O modo 2 no lado do joystick esquerdo é cima, baixo e rotação. E o direita é assim. E o modo 3 é esse.",experiência prévia
4. Controle e Navegação,20250609_2048,Como foi a sua experiência ao controlar o submarino?,"Boa, boa. Boa intuitiva. Ele tem uma física assim, não é tipo... Não é travadão.",controle positivo
4. Controle e Navegação,20250609_2048,"Houve alguma situação em que você não soube como movimentar o submarino? Se sim, o que fez para voltar ao comando?","Não, não houve.",não relacionado
4. Controle e Navegação,20250609_2048,Você sentiu que os controles respondiam bem aos seus comandos?,"Senti, senti. Se usasse os dois juntos, assim, como eu esperava, como esperava como gamer.",controle positivo
4. Controle e Navegação,20250609_2048,Como você identificou no controle o responsável por movimentar o submarino?,"É... É... Teve o tutorial, né? Mas também... Né? Futucando... Primeiramente, eu acho que eu só mexi depois que o tutorial falou. Ok.","descoberta por tentativa e erro, instruções no painel"
4. Controle e Navegação,20250609_2048,"Em algum momento você ""perdeu"" o gatilho responsável por movimentar o submarino? Se sim, o que fez para achá-lo novamente?",Não.,gatilhode de fácil localização
5. Radar e Localização de Animais,20250607_1653,Como você definia para onde mover o submarino?,Em direção aos peixes,exploração visual
5. Radar e Localização de Animais,20250607_1653,Como você localizava os animais marinhos?,Pelo brilho na borda deles.,exploração visual
5. Radar e Localização de Animais,20250607_1653,Quando você viu o radar pela primeira vez?,Nem vi se tinha radar.,dificuldade com radar
5. Radar e Localização de Animais,20250607_1653,"Em algum momento você ficou em dúvida em como interpretar o radar? Se sim, o que fez para interpretar corretamente?",Nem cheguei a ver.,dificuldade com radar
5. Radar e Localização de Animais,20250607_1728,Como você definia para onde mover o submarino?,Em movimentar os controles.,confusão com elementos do controle
5. Radar e Localização de Animais,20250607_1728,Como você localizava os animais marinhos?,"Uma setinha, né? A setinha do controle.",dificuldade com radar
5. Radar e Localização de Animais,20250607_1728,Quando você viu o radar pela primeira vez?,Eu não vi radar nenhum.,dificuldade com radar
5. Radar e Localização de Animais,20250607_1728,"Em algum momento você ficou em dúvida em como interpretar o radar? Se sim, o que fez para interpretar corretamente?",Nem vi o radar.,dificuldade com radar
5. Radar e Localização de Animais,20250607_1903,Como você definia para onde mover o submarino?,"Eu tava meio perdida em relação ao mapa, eu fiquei virando, virando, e aí eu só soube pro lado que eu tava olhando no mapa quando o peixinho ficou colorido, realmente.","dificuldade com radar, tentativa e erro"
5. Radar e Localização de Animais,20250607_1903,Como você localizava os animais marinhos?,"Então... Eu acho que eu tinha que me localizar pelo mapa, mas eu não me dei muito certo com o mapa, então eu fiquei olhando mais para a parte do vidro, do submarino, né, e tentando buscar ele por ali.","dificuldade com radar, exploração visual"
5. Radar e Localização de Animais,20250607_1903,Quando você viu o radar pela primeira vez?,Quando eu falo na orientação. Se perguntou se eu estava vendo o radar.,não relacionado
5. Radar e Localização de Animais,20250607_1903,"Em algum momento você ficou em dúvida em como interpretar o radar? Se sim, o que fez para interpretar corretamente?",Sim. Não consegui interpretar corretamente.,dificuldade com radar
5. Radar e Localização de Animais,20250607_1941,Como você definia para onde mover o submarino?,De acordo com o radar e o... E as coisas que estavam no radar no fundo do mar.,uso do radar
5. Radar e Localização de Animais,20250607_1941,Como você localizava os animais marinhos?,No radar.,uso do radar
5. Radar e Localização de Animais,20250607_1941,Quando você viu o radar pela primeira vez?,Assim que foi comunicado. Foi por aí que eu...,"uso do radar, descoberta com ajuda das instruções"
5. Radar e Localização de Animais,20250607_1941,"Em algum momento você ficou em dúvida em como interpretar o radar? Se sim, o que fez para interpretar corretamente?","Não, já tenho contato prévio com esse tipo de radar.","uso do radar, familiaridade prévia"
5. Radar e Localização de Animais,20250607_2206,Como você definia para onde mover o submarino?,Eu tentava me achar pelo mapa pra onde eu ia mesmo.,uso do mapa
5. Radar e Localização de Animais,20250607_2206,Como você localizava os animais marinhos?,Foi a movimentação mesmo. Explorando o ambiente.,exploração visual
5. Radar e Localização de Animais,20250607_2206,Quando você viu o radar pela primeira vez?,"Cara, acho que foi quando... Acho que ele estava instruindo ali no começo.",descoberta com ajuda das instruções
5. Radar e Localização de Animais,20250607_2206,"Em algum momento você ficou em dúvida em como interpretar o radar? Se sim, o que fez para interpretar corretamente?","Sim, bastante. Eu acho que eu não interpretei direito, não.",dificuldade com radar
5. Radar e Localização de Animais,20250608_1448,Como você definia para onde mover o submarino?,"Pelo radar, né? Aquela partezinha coloridinha lá.",uso do radar
5. Radar e Localização de Animais,20250608_1448,Como você localizava os animais marinhos?,Pelo radar.,uso do radar
5. Radar e Localização de Animais,20250608_1448,Quando você viu o radar pela primeira vez?,"Acho que foi desde o começo, quando apareceu ali. Eu vi logo.",uso do radar
5. Radar e Localização de Animais,20250608_1448,"Em algum momento você ficou em dúvida em como interpretar o radar? Se sim, o que fez para interpretar corretamente?","Não, achei bem intuitivo.",uso do radar
5. Radar e Localização de Animais,20250608_1520,Como você definia para onde mover o submarino?,Seguia os pontinhos vermelhos no radar.,uso do radar
5. Radar e Localização de Animais,20250608_1520,Como você localizava os animais marinhos?,Usava o radar e confirmava pela janelinha do submarino.,"uso do radar, exploração visual"
5. Radar e Localização de Animais,20250608_1520,Quando você viu o radar pela primeira vez?,Logo que começou o jogo.,uso do radar
5. Radar e Localização de Animais,20250608_1520,"Em algum momento você ficou em dúvida em como interpretar o radar? Se sim, o que fez para interpretar corretamente?","Não, já sabia como funcionava.","uso do radar, familiaridade prévia"
5. Radar e Localização de Animais,20250609_2048,Como você definia para onde mover o submarino?,Eu ia pro lado que tinha coisa no radar.,uso do radar
5. Radar e Localização de Animais,20250609_2048,Como você localizava os animais marinhos?,Radar e olhando pela frente do submarino.,"uso do radar, exploração visual"
5. Radar e Localização de Animais,20250609_2048,Quando você viu o radar pela primeira vez?,Quando o jogo começou. Estava no painel.,uso do radar
5. Radar e Localização de Animais,20250609_2048,"Em algum momento você ficou em dúvida em como interpretar o radar? Se sim, o que fez para interpretar corretamente?","No começo sim, mas depois ficou fácil.","dificuldade inicial com radar, uso do radar"
6. Captura de animais marinhos,20250607_1653,Como você identificou no controle o gatilho responsável por fechar e abrir as garras?,Quando eu experimentei o gatilho,descoberta por tentativa e erro
6. Captura de animais marinhos,20250607_1653,Como foi sua experiência ao tentar capturar um animal marinho?,Foi a melhor.,experiência positiva
6. Captura de animais marinhos,20250607_1653,Como você sabia o momento certo para fechar as garras?,Quando eu ia em direção ao brilho deles.,fechamento baseado em pista visual
6. Captura de animais marinhos,20250607_1653,Você teve alguma dificuldade nessa ação? Se sim como resolveu?,"No início sim, depois não.",dúvidas no início
6. Captura de animais marinhos,20250607_1653," Em algum momento você ""perdeu"" no controle o gatilho responsável por fechar e abrir as garras?",Não,gatilho de fácil localização
6. Captura de animais marinhos,20250607_1728,Como você identificou no controle o gatilho responsável por fechar e abrir as garras?,Tentativa e erro,descoberta por tentativa e erro
6. Captura de animais marinhos,20250607_1728,Como foi sua experiência ao tentar capturar um animal marinho?,Uma experiência boa.,experiência positiva
6. Captura de animais marinhos,20250607_1728,Como você sabia o momento certo para fechar as garras?,Quando eu vi o peixe.,fechamento baseado em pista visual
6. Captura de animais marinhos,20250607_1728,Você teve alguma dificuldade nessa ação? Se sim como resolveu?,Às vezes. Mexendo com os controles e com os botões.,"dificuldade na ação de captura, resolução por tentativa e erro"
6. Captura de animais marinhos,20250607_1728," Em algum momento você ""perdeu"" no controle o gatilho responsável por fechar e abrir as garras?",Várias vezes.,gatilho perdido
6. Captura de animais marinhos,20250607_1903,Como você identificou no controle o gatilho responsável por fechar e abrir as garras?,"Pela orientação que ela deu anteriormente. Mostrou também o desenhozinho, mostrando que era o lateral.",descoberta por instrução
6. Captura de animais marinhos,20250607_1903,Como foi sua experiência ao tentar capturar um animal marinho?,"Eu achei um pouco difícil, porque quando ele tava muito próximo, eu não conseguia pensar que eu tinha que recuar o braço pra poder pegar ele meio que próximo de mim.","experiência difícil, problema com a noção de distância entre a garra e o peixe"
6. Captura de animais marinhos,20250607_1903,Como você sabia o momento certo para fechar as garras?,"É, eu tentei algumas vezes, né, e aí eu sentia que ele ia, mas às vezes parecia que o peixe não estava exatamente na garra. É como se tivesse um círculo que o peixe meio que reconhece que a garra encostou, se ele estivesse dentro daquele círculo, sabe? Próximo da garra, não necessariamente no meio da garrinha.","dificuldade na ação de captura, problema com a noção de distância entre a garra e o peixe"
6. Captura de animais marinhos,20250607_1903,Você teve alguma dificuldade nessa ação? Se sim como resolveu?,"Tive. Sim, mas justamente por não saber a parte da orientação do mapa, eu tava meio perdida de onde, como pegava. E depois disso, de quando ele ficava muito próximo, eu não consegui pensar que eu tinha que recuar um pouquinho pra poder pegar ele próximo. Mas eu fui tentando, testando, até conseguir pegar.","dificuldade na ação de captura, problema com a noção de distância entre a garra e o peixe"
6. Captura de animais marinhos,20250607_1903," Em algum momento você ""perdeu"" no controle o gatilho responsável por fechar e abrir as garras?",Não. Isso foi fácil de achar,gatilho de fácil localização
6. Captura de animais marinhos,20250607_1941,Como você identificou no controle o gatilho responsável por fechar e abrir as garras?,"Agora não lembro exatamente se ele... se o jogo ditou que seria ele, ou se... fui em teste e não lembro exatamente.","descoberta por instrução, descoberta por tentativa e erro"
6. Captura de animais marinhos,20250607_1941,Como foi sua experiência ao tentar capturar um animal marinho?,"Foi um pouco complexa, pelo tamanho do... pela interatividade, dificuldade de interatividade de entre a garra e o peixe. Mas acho que... é isso. Acho que não faz foge muito da proposta.","experiência difícil, dificuldade na ação de captura, problema com a noção de distância entre a garra e o peixe"
6. Captura de animais marinhos,20250607_1941,Como você sabia o momento certo para fechar as garras?,Quando vi que estava na distância correta ali.,fechamento por intuição
6. Captura de animais marinhos,20250607_1941,Você teve alguma dificuldade nessa ação? Se sim como resolveu?,"Sim, em alguns momentos, eu tava meio confuso, né? Sabia se o peixe tava... Se o movimento da garra, né? Tipo, ele faz assim, assim... Acaba... É... Ficando ruim um pouco a distância, né? A noção de distância. Ó, veio que deixei a garra na distância fixa, e aproveitei.","experiência difícil, fechamento por intuição, problema com a noção de distância entre a garra e o peixe"
6. Captura de animais marinhos,20250607_1941," Em algum momento você ""perdeu"" no controle o gatilho responsável por fechar e abrir as garras?",Não.,gatilho de fácil localização
6. Captura de animais marinhos,20250607_2206,Como você identificou no controle o gatilho responsável por fechar e abrir as garras?,"Acho que já explicou ali no começo, se não me engano. E depois é intuitivo assim, acho que é o gatilho principal ali, de atirar. Acho intuitivo que é o gatilho principal para... A principal ação do jogo, acho.","descoberta por instrução, experiência prévia"
6. Captura de animais marinhos,20250607_2206,Como foi sua experiência ao tentar capturar um animal marinho?,"No começo ficou legal, tem um teste ali, depois eu fui meio frustrado porque não consegui mais encontrar ele. Aí ficou incomodado, até achei que o jogo estava bugado em algum momento quando eu estava vendo, não sei se você não reparei. Eu estava vendo e achei que o jogo estava bugado, eu precisei tentar pegar qualquer coisa que vinha.",frustração após longo periodo de procura
6. Captura de animais marinhos,20250607_2206,Como você sabia o momento certo para fechar as garras?,"Não sabia, não era tão claro, sob isso o peixe já apertava indiscriminadamente.","falta de clareza sobre momento de captura, fechamento por intuição"
6. Captura de animais marinhos,20250607_2206,Você teve alguma dificuldade nessa ação? Se sim como resolveu?,"Não, abri e fechava as garras achei tranquilo.","experiência positiva, abir e fechar sem dificuldade"
6. Captura de animais marinhos,20250607_2206," Em algum momento você ""perdeu"" no controle o gatilho responsável por fechar e abrir as garras?","Não o controle, eu pedi a própria garra. Eu vi que ele não sabia se ele tava na frente ou mais, não tava. Mas quando eu vi a garra, consegui acertar ele e funcionar.",gatilho de fácil localização
6. Captura de animais marinhos,20250608_1448,Como você identificou no controle o gatilho responsável por fechar e abrir as garras?,Também na instrução. Tinha o desenho na instrução lá embaixo.,descoberta por instrução
6. Captura de animais marinhos,20250608_1448,Como foi sua experiência ao tentar capturar um animal marinho?,Foi tranquilo,experiência positiva
6. Captura de animais marinhos,20250608_1448,Como você sabia o momento certo para fechar as garras?,"Poxa, eu tentava chegar próximo pra fechar quando tava brilhando. Às vezes não funcionava tão bem, mas...","dificuldade na ação de captura, fechamento baseado em pista visual"
6. Captura de animais marinhos,20250608_1448,Você teve alguma dificuldade nessa ação? Se sim como resolveu?,Não.,abir e fechar sem dificuldade
6. Captura de animais marinhos,20250608_1448," Em algum momento você ""perdeu"" no controle o gatilho responsável por fechar e abrir as garras?",Também não.,gatilho de fácil localização
6. Captura de animais marinhos,20250608_1520,Como você identificou no controle o gatilho responsável por fechar e abrir as garras?,"É, o tutorial deu. Eu esqueci um pouquinho, mas aí eu ficava testando no meio do jogo.","descoberta por instrução, descoberta por tentativa e erro"
6. Captura de animais marinhos,20250608_1520,Como foi sua experiência ao tentar capturar um animal marinho?,"Como eu disse no início, eu esqueci que eu podia mexer com a garrinha, mas depois que eu lembrei foi bem fácil.",não relacionado
6. Captura de animais marinhos,20250608_1520,Como você sabia o momento certo para fechar as garras?,Quando eu tava perto do peixe.,fechamento por intuição
6. Captura de animais marinhos,20250608_1520,Você teve alguma dificuldade nessa ação? Se sim como resolveu?,"Não, só esqueci mesmo. Mas é normal, porque em muitos jogos eu esqueço os botões.",abir e fechar sem dificuldade
6. Captura de animais marinhos,20250608_1520," Em algum momento você ""perdeu"" no controle o gatilho responsável por fechar e abrir as garras?","Não, o controle é agradável na mão, não sei explicar.",gatilho de fácil localização
6. Captura de animais marinhos,20250609_2048,Como você identificou no controle o gatilho responsável por fechar e abrir as garras?,Acho que esse foi só apertado mesmo. Esse eu tentei e fechei. Tentativa e erro boa. Boa e velha. Boa e velha.,descoberta por tentativa e erro
6. Captura de animais marinhos,20250609_2048,Como foi sua experiência ao tentar capturar um animal marinho?,"Foi boa, foi boa. Mas os dois que eu tentei, até o primeiro lá... Foi boa, foi boa. Até porque é exatamente a minha mão, então eu fui ali... Tá, tá, tá.",experiência positiva
6. Captura de animais marinhos,20250609_2048,Como você sabia o momento certo para fechar as garras?,É... porque eu tava em cima do peixe.,fechamento por intuição
6. Captura de animais marinhos,20250609_2048,Você teve alguma dificuldade nessa ação? Se sim como resolveu?,"Bom... era literalmente minha mão, mas não...",abir e fechar sem dificuldade
6. Captura de animais marinhos,20250609_2048," Em algum momento você ""perdeu"" no controle o gatilho responsável por fechar e abrir as garras?",Não.,gatilho de fácil localização
7. Cura dos animais,20250607_1653,"Após a captura do primeiro animal marinho, você entendeu o que era para fazer?",No inicio não. Depois sim. Quando eu entendi eu olhava a barra e apertava o gatilho.,"confusão inicial sobre o que fazer, compreensão da mecânica de cura"
7. Cura dos animais,20250607_1653,Qual a estratégia você usou para acertar a zona verde do mini game de cura?,Foi pela intuição,ação por intuição
7. Cura dos animais,20250607_1653,Como você identificou no controle o responsável por parar o ponteiro no local certo?,Pela explicação,identificação via instrução
7. Cura dos animais,20250607_1653,Como você descreveria o que sentiu no momento do mini game de cura?,"Ah, eu senti um... eu senti que foi bom, né, pra poder salvar os peixes.",sensação positiva no minigame
7. Cura dos animais,20250607_1653,"Em algum momento você ""perdeu"" no controle o gatilho responsável por parar o ponteiro?",Só no inicio.,gatilho perdido
7. Cura dos animais,20250607_1653,"Durante o minigame de cura, você teve a sensação de que estava realmente cuidando ou ajudando os animais? O que no jogo reforçou (ou dificultou) essa sensação?","Depois da primeira captura sim. Eu vi que eu estava ajudando, depois que ele saiu nadando.",sensação de cuidar dos animais
7. Cura dos animais,20250607_1728,"Após a captura do primeiro animal marinho, você entendeu o que era para fazer?",Sim. Salvar o peixinho.,compreensão do objetivo
7. Cura dos animais,20250607_1728,Qual a estratégia você usou para acertar a zona verde do mini game de cura?,Apertava quando chegava no verde. Isso.,reação ao feedback visual
7. Cura dos animais,20250607_1728,Como você identificou no controle o responsável por parar o ponteiro no local certo?,Quando apertava o botão.,tentativa e erro
7. Cura dos animais,20250607_1728,Como você descreveria o que sentiu no momento do mini game de cura?,Confusa.,sensação negativa no minigame
7. Cura dos animais,20250607_1728,"Em algum momento você ""perdeu"" no controle o gatilho responsável por parar o ponteiro?",Sim.,gatilho perdido
7. Cura dos animais,20250607_1728,"Durante o minigame de cura, você teve a sensação de que estava realmente cuidando ou ajudando os animais? O que no jogo reforçou (ou dificultou) essa sensação?",Sim. Eu estava salvando o peixinho. A satisfação.,"compreensão da mecânica de cura, sensação de cuidar dos animais"
7. Cura dos animais,20250607_1903,"Após a captura do primeiro animal marinho, você entendeu o que era para fazer?",Sim.,compreensão do objetivo
7. Cura dos animais,20250607_1903,Qual a estratégia você usou para acertar a zona verde do mini game de cura?,"Quando ele tava chegando no verde, eu apertava. E aí ele parava certinho.",reação ao feedback visual
7. Cura dos animais,20250607_1903,Como você identificou no controle o responsável por parar o ponteiro no local certo?,"Ah, ele apareceu. Fiquei pensando aqui pra poder lembrar. Ele apareceu que era pelo lateral. E aí nos outros eu já sabia, então já fui automático.",identificação via instrução
7. Cura dos animais,20250607_1903,Como você descreveria o que sentiu no momento do mini game de cura?,"No começo eu fiquei meio aflita, porque eu tava meio tentando entender como é que era. Mas depois do primeiro peixinho foi mais tranquilo, assim, foi ficando mais calma. E deu pra aproveitar melhor.","compreensão da mecânica de cura, sensação negativa inicial no minigame, sensação positiva no minigame"
7. Cura dos animais,20250607_1903,"Em algum momento você ""perdeu"" no controle o gatilho responsável por parar o ponteiro?",Não.,gatilho mantido
7. Cura dos animais,20250607_1903,"Durante o minigame de cura, você teve a sensação de que estava realmente cuidando ou ajudando os animais? O que no jogo reforçou (ou dificultou) essa sensação?","Não. Eu acho que porque o fato de eu estar só apertando para chegar no verde, acho que eu não entendi muito bem o que o verde faria com o peixe. Eu estou salvando o peixe só apertando no verde. Acho que se fosse uma outra coisa, não sei porque também teria que pensar. Mas acho que se fosse uma outra tarefa, eu acho que seria melhor.","compreensão da mecânica de cura, ausência de vínculo emocional, distânciamento entre objetivo e mecânica"
7. Cura dos animais,20250607_1941,"Após a captura do primeiro animal marinho, você entendeu o que era para fazer?",Sim. Pra... Desinfectar alguns peixes e tal..,compreensão do objetivo
7. Cura dos animais,20250607_1941,Qual a estratégia você usou para acertar a zona verde do mini game de cura?,"Meu tempo de reação, isso com a velocidade do game.",reação ao feedback visual
7. Cura dos animais,20250607_1941,Como você identificou no controle o responsável por parar o ponteiro no local certo?,É... pelo tutorial.,identificação via instrução
7. Cura dos animais,20250607_1941,Como você descreveria o que sentiu no momento do mini game de cura?,"É... Acho que... Faltou um pouco de... Recompensa. Na experiência, porque aí... Depois que você cura o peixe, nada acontece, né? Ah, próximo. Acho que... Poderia ter algo mais... Interativo, né? Assim, no jogo.","ausência de vínculo emocional, falta de recompensa"
7. Cura dos animais,20250607_1941,"Em algum momento você ""perdeu"" no controle o gatilho responsável por parar o ponteiro?",Não.,gatilho mantido
7. Cura dos animais,20250607_1941,"Durante o minigame de cura, você teve a sensação de que estava realmente cuidando ou ajudando os animais? O que no jogo reforçou (ou dificultou) essa sensação?","Não. Acho que o mini-game é muito distante. Acho que se mudasse o pra, tipo, um remédio ou algo assim acho que daria essa... essa impressão maior de um cuidado de cura, né?","ausência de vínculo emocional, distânciamento entre objetivo e mecânica"
7. Cura dos animais,20250607_2206,"Após a captura do primeiro animal marinho, você entendeu o que era para fazer?","Que era capturar o animal e cuidar do animal ali baseado numa outra tarefa que vem depois de capturar ali, que era acertar a verdinha.",compreensão da mecânica de cura
7. Cura dos animais,20250607_2206,Qual a estratégia você usou para acertar a zona verde do mini game de cura?,"Cara, acho que foi os três comuns, você deixar a barra passar, pra você pegar a velocidade que ela tá, aí na volta, você entender esse padrão e apertar no meio, e que você já conhece a velocidade dela mais ou menos.",reação ao feedback visual
7. Cura dos animais,20250607_2206,Como você identificou no controle o responsável por parar o ponteiro no local certo?,"Acho que teve uma instrução, se não me engano, que esclareceu o botão. Aí eu comecei a ter a familiaridade que existia um botão lateral ali, apesar de não ser tão intuitivo, porque ele é lateral. Mas eu acertei por causa disso, por causa da instrução.",identificação via instrução
7. Cura dos animais,20250607_2206,Como você descreveria o que sentiu no momento do mini game de cura?,"Achei um pouco normal, assim, um pouco tediado. Acho que pegar o bicho é mais legal do que ficar só apertando o verde ali, três vezes.","sensação negativa no minigame, ação tediosa"
7. Cura dos animais,20250607_2206,"Em algum momento você ""perdeu"" no controle o gatilho responsável por parar o ponteiro?","Cara, não perdi o controle, eu intuitivamente, às vezes eu apertava o gatilho de dar garra, o gatilho principal ali de atirar, como se eu andasse para parar e falasse, não, não, esqueci, eu apertava depois.","ação por intuição, tentativa e erro, gatilho mantido"
7. Cura dos animais,20250607_2206,"Durante o minigame de cura, você teve a sensação de que estava realmente cuidando ou ajudando os animais? O que no jogo reforçou (ou dificultou) essa sensação?","Não muito. Primeiro que o bicho não parecia estar doente, ele estava brilhando mesmo ali. E depois eu não tive nenhum feedback, assim tipo, ele pegou o bicho, aí você tá vendo ele saindo, ou sei lá, feliz. Não, ele só some ali e pá, passou e pegou. Parece que capturei o bicho também.","ausência de vínculo emocional, distânciamento entre objetivo e mecânica, sensação negativa no minigame, falta de recompensa"
7. Cura dos animais,20250608_1448,"Após a captura do primeiro animal marinho, você entendeu o que era para fazer?",Era pra curar os peixinhos.,compreensão do objetivo
7. Cura dos animais,20250608_1448,Qual a estratégia você usou para acertar a zona verde do mini game de cura?,"Ah, eu prestava atenção na barrinha, pra não ficar mais perto do centro, eu apertava o gatilho.",reação ao feedback visual
7. Cura dos animais,20250608_1448,Como você identificou no controle o responsável por parar o ponteiro no local certo?,Na instrução também.,identificação via instrução
7. Cura dos animais,20250608_1448,Como você descreveria o que sentiu no momento do mini game de cura?,"Ok, foi tranquilo.",sensação positiva no minigame
7. Cura dos animais,20250608_1448,"Em algum momento você ""perdeu"" no controle o gatilho responsável por parar o ponteiro?",Não.,gatilho mantido
7. Cura dos animais,20250608_1448,"Durante o minigame de cura, você teve a sensação de que estava realmente cuidando ou ajudando os animais? O que no jogo reforçou (ou dificultou) essa sensação?","Não. Não tinha nada identificando se o peixe estava doente, então... Não tinha, assim... Não tinha uma barrinha falando lá, tipo, o peixe tá aqui, tá doente, aí você vai acertando e vai enchendo. Ou alguma cor diferente, não tinha nada do tipo.","ausência de vínculo emocional, falta de recompensa, distânciamento entre objetivo e mecânica"
7. Cura dos animais,20250608_1520,"Após a captura do primeiro animal marinho, você entendeu o que era para fazer?",Sim. Pegar o peixinho dourado.,não compreendeu o objetivo
7. Cura dos animais,20250608_1520,Qual a estratégia você usou para acertar a zona verde do mini game de cura?,"Eu esperava ir e voltar mais uma vez, ir pra ver a velocidade e na hora acertar. Pra conseguir entender a velocidade que tava ali.",ação por intuição
7. Cura dos animais,20250608_1520,Como você identificou no controle o responsável por parar o ponteiro no local certo?,"Ah, tinha no tutorial também. Tudo tinha no tutorial, tava explicadinho lá. Só não lembro qual que é agora.",identificação via instrução
7. Cura dos animais,20250608_1520,Como você descreveria o que sentiu no momento do mini game de cura?,Minigame de cura? Não lembro o nome. Ah! Achei bem tranquilo. Só esperar ele voltar e apertar o negocinho.,compreensão da mecânica de cura
7. Cura dos animais,20250608_1520,"Em algum momento você ""perdeu"" no controle o gatilho responsável por parar o ponteiro?","Não, não.",gatilho mantido
7. Cura dos animais,20250608_1520,"Durante o minigame de cura, você teve a sensação de que estava realmente cuidando ou ajudando os animais? O que no jogo reforçou (ou dificultou) essa sensação?","Não. Porque eu achei muito fácil esse joguinho. A barra era muito devagar, então com certeza eu ia conseguir acertar a zona verde. Se fosse mais difícil talvez, e aí eu perdesse e tivesse que pegar o peixe de novo, Aí seria um pouco diferente, mas era muito devagar e muito fácil, então... Dava pra que eu sempre acertava o verde.","distânciamento entre objetivo e mecânica, jogo tedioso"
7. Cura dos animais,20250609_2048,"Após a captura do primeiro animal marinho, você entendeu o que era para fazer?","Sim. Capturar animais marinhos e... Fazer alguma coisa neles pra liberar eles de novo melhorados. E limpar, sei lá, cuidar.",compreensão do objetivo
7. Cura dos animais,20250609_2048,Qual a estratégia você usou para acertar a zona verde do mini game de cura?,"Olhar. Então olhar. Não tem muita técnica, quando tava no meio já apertava.",reação ao feedback visual
7. Cura dos animais,20250609_2048,Como você identificou no controle o responsável por parar o ponteiro no local certo?,"Não sei. Acho que foi o.. Acho que o tutorial falou, sei lá. Esqueci, na verdade foi intuitiva. Dei a tirada, saquei.",identificação via instrução
7. Cura dos animais,20250609_2048,Como você descreveria o que sentiu no momento do mini game de cura?,É... é... satisfação.,sensação positiva no minigame
7. Cura dos animais,20250609_2048,"Em algum momento você ""perdeu"" no controle o gatilho responsável por parar o ponteiro?",Não.,gatilho mantido
7. Cura dos animais,20250609_2048,"Durante o minigame de cura, você teve a sensação de que estava realmente cuidando ou ajudando os animais? O que no jogo reforçou (ou dificultou) essa sensação?","Não. Não é tipo, não é tipo... Acho que é. Isso aí, pensando pro outro lado do game, podia ter um negócio, porra, passamos o homem no peixe, tirou o plástico da tartaruga.",distânciamento entre objetivo e mecânica
8. Instruções e compreensão,20250607_1653,O que você achou da voz com as instruções do jogo?,"Pra mim, que nunca tive essa experiência, ele poderia ser um pouco mais direto, né? Explicar melhor no início, né? É, alguém que já tem controle com a realidade virtual, isso seria fácil. Mas pra mim que foi a primeira vez, até me identificar isso foi um pouco mais complicado.",instrução narrada poderia ser mais direta
8. Instruções e compreensão,20250607_1653,Você conseguiu ler as instruções que apareceram no painel?,Não.,leitura comprometida
8. Instruções e compreensão,20250607_1653,"Após a introdução, o que você compreendeu que deveria fazer no jogo?",Salvar os peixes.,objetivo: salvar os peixes
8. Instruções e compreensão,20250607_1653,Como você avaliaria as instruções de como controlar o submarino?,"Médio. Porque eu não tinha experiência com obesidade virtual. Então até eu tentar entender o que ela estava querendo dizer para mim, eu fiquei meio perdido.","instrução de controle confusa ou ausente, ruim para iniciantes"
8. Instruções e compreensão,20250607_1653,Como foi entender o funcionamento das garras do submarino a partir das instruções fornecidas?,"Claro, foi boa.",instrução compreendida
8. Instruções e compreensão,20250607_1653,O que você achou das orientações para o processo de cura dos animais?,"Bom, também. De cara não, deu para entender bem né? Nesse foi meio que...","ruim para iniciantes, mais explicações para a cura"
8. Instruções e compreensão,20250607_1653,"Durante o jogo, você sentiu falta de dicas ou orientações adicionais? Onde e de que tipo?","É, acho que é por isso que eu falei. Mais ticas seria melhor. Senti falta de explicação justamente nas garras, no radar, que eu nem vi o radar.","instrução insuficiente, mais explicações para as garras, mais explicações para o radar"
8. Instruções e compreensão,20250607_1728,O que você achou da voz com as instruções do jogo?,"Bem... Boa, boa. Boa explicação.","instrução narrada elogiada, intrução narrada clara"
8. Instruções e compreensão,20250607_1728,Você conseguiu ler as instruções que apareceram no painel?,"Às vezes, sim.",leitura comprometida
8. Instruções e compreensão,20250607_1728,"Após a introdução, o que você compreendeu que deveria fazer no jogo?",Salvar o peixinho.,objetivo: salvar os peixes
8. Instruções e compreensão,20250607_1728,Como você avaliaria as instruções de como controlar o submarino?,Ótimo.,instrução de controle compreendida
8. Instruções e compreensão,20250607_1728,Como foi entender o funcionamento das garras do submarino a partir das instruções fornecidas?,Foi um pouco difícil.,"instrução confusa ou ausente, mais explicações para as garras"
8. Instruções e compreensão,20250607_1728,O que você achou das orientações para o processo de cura dos animais?,Ótimo.,"instrução compreendida, instrução de cura compreendida"
8. Instruções e compreensão,20250607_1728,"Durante o jogo, você sentiu falta de dicas ou orientações adicionais? Onde e de que tipo?",Não.,nada para acrescentar
8. Instruções e compreensão,20250607_1903,O que você achou da voz com as instruções do jogo?,"Tá muito bom, muito bom.",instrução narrada elogiada
8. Instruções e compreensão,20250607_1903,Você conseguiu ler as instruções que apareceram no painel?,"Sim, sim.",sucesso na leitura
8. Instruções e compreensão,20250607_1903,"Após a introdução, o que você compreendeu que deveria fazer no jogo?","Após as instruções, eu entendi que eu tinha que ir com o submarino virando, andando, procurando os peixinhos Procurar o que fazia de uma bordinha, né? Brilhante, pra poder agarrar ele E aí ele ficava preso ali, aí tinha essa etapa do apertar no verde, que seria o salvamento dele E depois de fazer isso três meses, ele estaria salvo, né? Ele estaria bem ali","objetivo: procurar peixinhos, objetivo: salvar os peixes"
8. Instruções e compreensão,20250607_1903,Como você avaliaria as instruções de como controlar o submarino?,"Foram claras, foram claras.",não relacionado
8. Instruções e compreensão,20250607_1903,Como foi entender o funcionamento das garras do submarino a partir das instruções fornecidas?,"Foi tudo bem, foi claro também.",instrução de controle compreendida
8. Instruções e compreensão,20250607_1903,O que você achou das orientações para o processo de cura dos animais?,"Para o processo de cura, eu achei que podia ser um pouquinho mais aprofundado. Talvez ter mais detalhes sobre o que que seria aquilo. Que era só assim, ah, você tem que botar no verde, mas por quê? Explicar o que que isso faria. Acho que seria menos interessante.",mais explicações para a cura
8. Instruções e compreensão,20250607_1903,"Durante o jogo, você sentiu falta de dicas ou orientações adicionais? Onde e de que tipo?",Eu acho que só essa parte do... Do que tá fazendo de fato ali.,mais explicações para a cura
8. Instruções e compreensão,20250607_1941,O que você achou da voz com as instruções do jogo?,"Achei bem boa. É sincronizada, no tom certo. Achei show.","instrução narrada elogiada, intrução narrada clara"
8. Instruções e compreensão,20250607_1941,Você conseguiu ler as instruções que apareceram no painel?,Sim.,sucesso na leitura
8. Instruções e compreensão,20250607_1941,"Após a introdução, o que você compreendeu que deveria fazer no jogo?",Eu deveria caçar os peixes que estivessem brilhando. Curar os peixes.,"objetivo: procurar peixinhos, objetivo: salvar os peixes"
8. Instruções e compreensão,20250607_1941,Como você avaliaria as instruções de como controlar o submarino?,"São boas. Acredito que... Uma pessoa que não tenha tanta... Não tenha tido nenhum contato, né? Acaba tendo um pouco mais de dificuldade.","instrução de controle compreendida, ruim para iniciantes"
8. Instruções e compreensão,20250607_1941,Como foi entender o funcionamento das garras do submarino a partir das instruções fornecidas?,Foi bem tranquilo.,instrução das garras compreendida
8. Instruções e compreensão,20250607_1941,O que você achou das orientações para o processo de cura dos animais?,"Foi tranquilo, bem direto também.",instrução de cura compreendida
8. Instruções e compreensão,20250607_1941,"Durante o jogo, você sentiu falta de dicas ou orientações adicionais? Onde e de que tipo?",Não,sem necessidade de instruções adicionais
8. Instruções e compreensão,20250607_2206,O que você achou da voz com as instruções do jogo?,"Cara, do que eu me lembro eu achei ok, ficou claro.",intrução narrada clara
8. Instruções e compreensão,20250607_2206,Você conseguiu ler as instruções que apareceram no painel?,"Consegui ler. Teve ali só algum momento que eu vi que a instrução não tinha muito a ver com a próxima ação que eu ia fazer, aí eu ignorava. Mas quando eu precisei mesmo ali e era a instrução certa, eu consegui.","sucesso na leitura, instrução aparecendo no momento errado, instrução confusa ou ausente"
8. Instruções e compreensão,20250607_2206,"Após a introdução, o que você compreendeu que deveria fazer no jogo?",Que era para curar os animais marinhos.,objetivo: procurar peixinhos
8. Instruções e compreensão,20250607_2206,Como você avaliaria as instruções de como controlar o submarino?,"Cara, não me recordo de ter sido instrução em relação a isso. Foi meio que na intuição, não sei. Pelo menos eu não me lembro da instrução utilizada.",esqueceu da instrução
8. Instruções e compreensão,20250607_2206,Como foi entender o funcionamento das garras do submarino a partir das instruções fornecidas?,"Depois que ele me mostrou como fazer isso e tem um exemplo prático dele fazendo, se tornou simples.",instrução das garras compreendida
8. Instruções e compreensão,20250607_2206,O que você achou das orientações para o processo de cura dos animais?,"Ficou claro que eu tinha que fazer, que tinha que acertar o verde e já tinha explicado qual era o botão. Então, ao invés de ser um encontro intuitivo com o botão, achei tranquilo de conseguir pular depois que eu pegava.",instrução de cura compreendida
8. Instruções e compreensão,20250607_2206,"Durante o jogo, você sentiu falta de dicas ou orientações adicionais? Onde e de que tipo?","Senti quando eu me perdi um pouco, né? Eu acho que poderia ter... Não sei, ou uma dica ou algum reset de câmera que te botasse mais próximo do peixe de novo, assim, porque eu fiquei meio caralho, não sei se eu tô muito perdido, não sei pra onde eu tô, já tava começando a me ficar incomodando, tava achando o peixe brilhante, saca? Então ele embrutou assim na minha tela depois de um tempo, talvez. Aí não sei, é mais deep, mas na minha cabeça, depois de um tempo perdido, seria bom se o peixe meio que aparecesse perto de você, sabe? Porque senão incomoda a gente não estar achando ele.",não relacionado
8. Instruções e compreensão,20250608_1448,O que você achou da voz com as instruções do jogo?,"Tranquila, achei boa",instrução narrada elogiada
8. Instruções e compreensão,20250608_1448,Você conseguiu ler as instruções que apareceram no painel?,"Depende. Às vezes estava muito rápido, apesar de ter a voz. Pra mim, no caso, fica difícil ler e ouvir ao mesmo tempo. E quando eu estava acompanhando a lendo, estava muito rápido.","instrução confusa ou ausente, instrução parcialmente acessível, não dá tempo de ler"
8. Instruções e compreensão,20250608_1448,"Após a introdução, o que você compreendeu que deveria fazer no jogo?",Pegar os peixinhos brilhantes e curá-los.,"objetivo: procurar peixinhos, objetivo: salvar os peixes"
8. Instruções e compreensão,20250608_1448,Como você avaliaria as instruções de como controlar o submarino?,"Acho que pode melhorar, porque tem algumas instruções que não estão ali, tipo, iniciar o jogo, talvez também essa questão do radar, acho que pode estar mais visível, não sei se vai ficar desse jeito, talvez botar um brilinho nele assim, tipo, pra destacar bem isso. Acho que poderia ajudar.",não relacionado
8. Instruções e compreensão,20250608_1448,Como foi entender o funcionamento das garras do submarino a partir das instruções fornecidas?,Foi tranquilo.,instrução das garras compreendida
8. Instruções e compreensão,20250608_1448,O que você achou das orientações para o processo de cura dos animais?,Também foi okay,instrução de cura compreendida
8. Instruções e compreensão,20250608_1448,"Durante o jogo, você sentiu falta de dicas ou orientações adicionais? Onde e de que tipo?","Tirando essas que eu falei de início do jogo, do radar, acho que não.","mais explicações para o radar, radar mais visivel, instruções de como iniciar o jogo"
8. Instruções e compreensão,20250608_1520,O que você achou da voz com as instruções do jogo?,"Ah, deu para entender bem, achei bem clara.","instrução narrada elogiada, intrução narrada clara"
8. Instruções e compreensão,20250608_1520,Você conseguiu ler as instruções que apareceram no painel?,"Tive um pouco de dificuldade, porque eu tinha que olhar pra baixo. E... eu esqueci de olhar pra baixo. Aí eu ficava mais pela voz do que pelo escrito. Aí só que às vezes a voz não funciona muito, porque eu esqueço rápido. Então se eu leio, acaba que eu fixo mais, tipo... É diferente. Eu sou melhor lendo do que escutando.","instrução parcialmente acessível, leitura comprometida, esqueceu da instrução"
8. Instruções e compreensão,20250608_1520,"Após a introdução, o que você compreendeu que deveria fazer no jogo?",Que eu tive que pegar peixinhos... que tem bordinhas brilhantes.,objetivo: procurar peixinhos
8. Instruções e compreensão,20250608_1520,Como você avaliaria as instruções de como controlar o submarino?,"Ah, achei bem fácil, bem explicativo.",instrução de controle compreendida
8. Instruções e compreensão,20250608_1520,Como foi entender o funcionamento das garras do submarino a partir das instruções fornecidas?,"Tipo assim, eu não sei se eu que fui desatenta e não prestei atenção que eu poderia mexer os braços. Mas de início, em algumas horas, eu tinha dificuldade de lembrar que eu podia mexer meus braços. Pra, tipo, pegar o peixe. Porque eu tava mexendo muito como um submarino. E eu não tava... E, tipo, às vezes eu via o peixe, mas, pô, a garra ficava embaixo, porque minha mão tava apoiada no colo. Então eu tava com essa dificuldade de lembrar que eu podia mexer o braço.",mais explicações para as garras
8. Instruções e compreensão,20250608_1520,O que você achou das orientações para o processo de cura dos animais?,Bem claro. É bem clássico esse tipo de joguinho de... De parar na retinha.,instrução de cura compreendida
8. Instruções e compreensão,20250608_1520,"Durante o jogo, você sentiu falta de dicas ou orientações adicionais? Onde e de que tipo?","Acho que não. Tipo assim, talvez se... É porque eu esqueci mesmo, mas... Não sei. Dica extra não, porque falaram de tudo. Eu que talvez tenha a atenção um pouco mais... Mais comprometida.",sem necessidade de instruções adicionais
8. Instruções e compreensão,20250609_2048,O que você achou da voz com as instruções do jogo?,"Boa, boa. Pareceu um pouco I.A., mas de boa.",instrução narrada elogiada
8. Instruções e compreensão,20250609_2048,Você conseguiu ler as instruções que apareceram no painel?,Sim. Bem.,sucesso na leitura
8. Instruções e compreensão,20250609_2048,"Após a introdução, o que você compreendeu que deveria fazer no jogo?",Pegar os peixes. E curar eles.,"objetivo: procurar peixinhos, objetivo: salvar os peixes"
8. Instruções e compreensão,20250609_2048,Como você avaliaria as instruções de como controlar o submarino?,Boa.,instrução de controle compreendida
8. Instruções e compreensão,20250609_2048,Como foi entender o funcionamento das garras do submarino a partir das instruções fornecidas?,Achei tranquilo.,instrução das garras compreendida
8. Instruções e compreensão,20250609_2048,O que você achou das orientações para o processo de cura dos animais?,"Ah, bom, também explicou lá que quando eu estivesse no meio do verde que era para... Durante o jogo você.",instrução de cura compreendida
8. Instruções e compreensão,20250609_2048,"Durante o jogo, você sentiu falta de dicas ou orientações adicionais? Onde e de que tipo?",Acho que não,sem necessidade de instruções adicionais
9. Esforço e dificuldades,20250607_1653,Em quais momentos do jogo você sentiu que precisava se concentrar mais? Por quê?,No meio do jogo. Foi quando eu entendi mais ou menos como funcionava.,exigência de concentração até a metade do jogo
9. Esforço e dificuldades,20250607_1653,"Teve alguma tarefa que exigiu mais esforço do que você esperava? Se teve, como você agiu?",Não.,sem esforço
9. Esforço e dificuldades,20250607_1653,"Durante o jogo, você sentiu algum desconforto físico como tontura, náusea, dor de cabeça ou visão turva? Pode descrever quando isso aconteceu e como se sentiu?",Não,sem desconforto físico
9. Esforço e dificuldades,20250607_1653,Você precisou ou pensou em fazer alguma pausa ou pensou em interromper o jogo por conta de desconforto físico? Em que momento e por qual motivo?,Não.,sem necessidade de interrupção
9. Esforço e dificuldades,20250607_1728,Em quais momentos do jogo você sentiu que precisava se concentrar mais? Por quê?,Na hora de capturar o peixinho. Porque quando eu movimentava as garras eu não conseguia.,maior concentração para capturar o peixe
9. Esforço e dificuldades,20250607_1728,"Teve alguma tarefa que exigiu mais esforço do que você esperava? Se teve, como você agiu?",Teve. É se concentrar mais nas garras.,maior esforço para mover as garras
9. Esforço e dificuldades,20250607_1728,"Durante o jogo, você sentiu algum desconforto físico como tontura, náusea, dor de cabeça ou visão turva? Pode descrever quando isso aconteceu e como se sentiu?",Não.,sem desconforto físico
9. Esforço e dificuldades,20250607_1728,Você precisou ou pensou em fazer alguma pausa ou pensou em interromper o jogo por conta de desconforto físico? Em que momento e por qual motivo?,Não.,sem necessidade de interrupção
9. Esforço e dificuldades,20250607_1903,Em quais momentos do jogo você sentiu que precisava se concentrar mais? Por quê?,"Na parte de procurar o peixe, porque eu não me dei muito bem com o mapa, e de pinçar ele. Justamente por eu não ter entendido o mapa, eu tive que me guiar, né, virando e rodando mais e procurando ele. Eu não consegui me guiar só pelo radarzinho dele, não.","maior concentração para procurar o peixe, maior concentração para entender o mapa"
9. Esforço e dificuldades,20250607_1903,"Teve alguma tarefa que exigiu mais esforço do que você esperava? Se teve, como você agiu?",Eu acho que foi justamente a parte do pinçar,maior esforço para capturar o peixe
9. Esforço e dificuldades,20250607_1903,"Durante o jogo, você sentiu algum desconforto físico como tontura, náusea, dor de cabeça ou visão turva? Pode descrever quando isso aconteceu e como se sentiu?",Não.,sem desconforto físico
9. Esforço e dificuldades,20250607_1903,Você precisou ou pensou em fazer alguma pausa ou pensou em interromper o jogo por conta de desconforto físico? Em que momento e por qual motivo?,Não.,sem necessidade de interrupção
9. Esforço e dificuldades,20250607_1941,Em quais momentos do jogo você sentiu que precisava se concentrar mais? Por quê?,"Acho que... Eu tava com preocupação de não bater nas coisas, né? Então, acho que essa interação no movimento ali, no submarino, com o radar... Como acabaram colidindo e conseguiu pescar o... pegar o peixe, acho que ficou nesse momento.","maior concentração para entender o mapa, maio concentração para mover o submarino"
9. Esforço e dificuldades,20250607_1941,"Teve alguma tarefa que exigiu mais esforço do que você esperava? Se teve, como você agiu?","Sim, porque o controle das garras não ali. Pegar o peixe, acho que... Aconteceu dessa distanciamento ali. E alguns movimentos. Só eu for mais... Deixar a garra parada e me movimentar só... É, não tentar... Criar, né... O braço, mas sim... Ou angulação ali do submarino.",maior esforço para capturar o peixe
9. Esforço e dificuldades,20250607_1941,"Durante o jogo, você sentiu algum desconforto físico como tontura, náusea, dor de cabeça ou visão turva? Pode descrever quando isso aconteceu e como se sentiu?",Não,sem desconforto físico
9. Esforço e dificuldades,20250607_1941,Você precisou ou pensou em fazer alguma pausa ou pensou em interromper o jogo por conta de desconforto físico? Em que momento e por qual motivo?,Não,sem necessidade de interrupção
9. Esforço e dificuldades,20250607_2206,Em quais momentos do jogo você sentiu que precisava se concentrar mais? Por quê?,"Cara, quando eu já tava começando a ficar impaciente ali, eu fui, cara, eu preciso me concentrar pra acabar logo, porque eu fiquei muito tempo tentando procurar um peixe. Eu peguei, foi legal, mas depois eu falei, pô... Agora eu tô incomodado, é que eu não tô achando... Não vou achar nunca.","concemtração por impaciência, maior concentração para procurar o peixe"
9. Esforço e dificuldades,20250607_2206,"Teve alguma tarefa que exigiu mais esforço do que você esperava? Se teve, como você agiu?","Cara, mais esforço... Esforço... Acho que era... Não, é realmente entender o mapa, foi o mais difícil. Tem que mais se focar.",maior esforço para entender o mapa
9. Esforço e dificuldades,20250607_2206,"Durante o jogo, você sentiu algum desconforto físico como tontura, náusea, dor de cabeça ou visão turva? Pode descrever quando isso aconteceu e como se sentiu?","Cara, senti um pouco de dor de cabeça. Quando eu fiquei não achando o peixe, procurando, acho que me moveu muita tela, assim, porque eu tava procurando de todos os lados. Aí começou a dar uma dor de cabeça, assim.","dor de cabeça, movimentação da tela"
9. Esforço e dificuldades,20250607_2206,Você precisou ou pensou em fazer alguma pausa ou pensou em interromper o jogo por conta de desconforto físico? Em que momento e por qual motivo?,"Cheguei a cogitar, cheguei a cogitar, tipo... Quando eu não tava achando peixe, eu não sabia se ia demorar muito ainda ou não. Deu tirar um pouquinho ali, dar uma... uma respirada.","congitou interromper, dar uma resperada, tensão"
9. Esforço e dificuldades,20250608_1448,Em quais momentos do jogo você sentiu que precisava se concentrar mais? Por quê?,No minigame. Porque eu tinha que acertar bem o jeito pra poder curar os animais.,maior concentração para curar o peixe
9. Esforço e dificuldades,20250608_1448,"Teve alguma tarefa que exigiu mais esforço do que você esperava? Se teve, como você agiu?","Não. Acho que mais esforço só do minigame mesmo, mas nada muito difícil assim.",maior esforço para currar o peixe
9. Esforço e dificuldades,20250608_1448,"Durante o jogo, você sentiu algum desconforto físico como tontura, náusea, dor de cabeça ou visão turva? Pode descrever quando isso aconteceu e como se sentiu?","Durante o jogo não, mas quando eu tirei o óculos sim. Quando eu tirei o óculos, eu senti um zumbido no ouvido e fiquei tonta.","tontura, zumbido no ouvido"
9. Esforço e dificuldades,20250608_1448,Você precisou ou pensou em fazer alguma pausa ou pensou em interromper o jogo por conta de desconforto físico? Em que momento e por qual motivo?,Não.,sem necessidade de interrupção
9. Esforço e dificuldades,20250608_1520,Em quais momentos do jogo você sentiu que precisava se concentrar mais? Por quê?,"O que eu mais me concentrei foi tentar lembrar os botões. Porque eu esquecia que o daqui era o que pegava, aí eu tinha que ficar testando antes de pegar o peixe, sabe? Porque você fazia assim, aí eu via que o daqui, o mais medial, ele... Fechava a garrinha, aí eu lembrava, mas acaba que eu esqueci os botões de vez em quando.",maior esforço para lembrar dos botões
9. Esforço e dificuldades,20250608_1520,"Teve alguma tarefa que exigiu mais esforço do que você esperava? Se teve, como você agiu?",Não.,sem dificuldades percebidas
9. Esforço e dificuldades,20250608_1520,"Durante o jogo, você sentiu algum desconforto físico como tontura, náusea, dor de cabeça ou visão turva? Pode descrever quando isso aconteceu e como se sentiu?",Não.,sem desconforto físico
9. Esforço e dificuldades,20250608_1520,Você precisou ou pensou em fazer alguma pausa ou pensou em interromper o jogo por conta de desconforto físico? Em que momento e por qual motivo?,"Não, eu tava querendo achar os peixinhos.",sem necessidade de interrupção
9. Esforço e dificuldades,20250609_2048,Em quais momentos do jogo você sentiu que precisava se concentrar mais? Por quê?,"Quando começou o jogo mesmo, quando eu tive que correr atrás dos peixes, tava speedrunner, o tentando quebrar recorde. Eu como speedrunner, então eu loquei, 100% locado.",concentrado para zerar o jogo rápido
9. Esforço e dificuldades,20250609_2048,"Teve alguma tarefa que exigiu mais esforço do que você esperava? Se teve, como você agiu?",Não.,sem dificuldades percebidas
9. Esforço e dificuldades,20250609_2048,"Durante o jogo, você sentiu algum desconforto físico como tontura, náusea, dor de cabeça ou visão turva? Pode descrever quando isso aconteceu e como se sentiu?",Não.,sem desconforto físico
9. Esforço e dificuldades,20250609_2048,Você precisou ou pensou em fazer alguma pausa ou pensou em interromper o jogo por conta de desconforto físico? Em que momento e por qual motivo?,Não.,sem necessidade de interrupção
10. Imerção e sentimentos,20250607_1653,"Para você, qual parte foi mais divertida? Por quê?","Ah, foi salvar os peixes. Porque quando eu entendi o jogo, eu vi que tava fazendo uma coisa legal.","engajamento com missão de cuidado, impacto positivo"
10. Imerção e sentimentos,20250607_1653,"Para você, qual parte foi mais surpreendente? Por quê?","Agarrar o o peixe. Ah, porque na hora que eu entendi que eu tinha que pegar ele pra poder curar, eu achei isso muito legal, super maneiro.",Impacto com a mecânica de captura
10. Imerção e sentimentos,20250607_1653,"Para você, qual parte foi mais tediosa? Por quê?","É, teve uma parte que foi tipo assim, até entendi como o peixe ia se salvar, né? Tinha uns outros peixes brilhando também, que dava pra entender que era eles, os branquiçados. Mas aí quando eu entendi que era o que aparecia com aquela auréola em volta.",não relacionado
10. Imerção e sentimentos,20250607_1728,"Para você, qual parte foi mais divertida? Por quê?",É capturar o peixinho.,Diversão na captura
10. Imerção e sentimentos,20250607_1728,"Para você, qual parte foi mais surpreendente? Por quê?",Soltar o peixe. Porque ele tinha que ser solto no mar.,impacto visual positivo
10. Imerção e sentimentos,20250607_1728,"Para você, qual parte foi mais tediosa? Por quê?",Teve. A parte que as tartarugas ficavam na minha frente e eu não conseguia parar o peixe.,não relacionado
10. Imerção e sentimentos,20250607_1903,"Para você, qual parte foi mais divertida? Por quê?","A parte mais divertida foi... Encontrar o peixe. Porque... Justamente por eu estar aflita, né? De não estar me dando bem com o radar. E quando eu finalmente achei, eu falei... Caraca, achei! Então foi a parte divertida de achar ele finalmente.",Diversão na captura
10. Imerção e sentimentos,20250607_1903,"Para você, qual parte foi mais surpreendente? Por quê?","Eu acho que a coisa de estar realmente imerso ali, de você não ver nada ao redor. Caraca, porque eu não imaginava que era assim. Na minha cabeça... Sabe quando você coloca um óculos de sol e você enxerga aqui em cima e aqui embaixo, né? E no jogo, não. Eu realmente só via o fundo do mar. Eu não via mais nada.",surpresa com a imersão
10. Imerção e sentimentos,20250607_1903,"Para você, qual parte foi mais tediosa? Por quê?",Não.,sem partes tediosas
10. Imerção e sentimentos,20250607_1941,"Para você, qual parte foi mais divertida? Por quê?","Acho que movimentar o submarino Pra não colidir e tal, mesmo com as limitações que aconteceram. Eu acho que era um... Acabou sendo um desafio maior assim, eu sei que não era o principal. Mas... Com o objetivo de criar uma imersão maior e ir no jogo, eu acho que... Que isso foi o maior desafio, assim, da geolocalização.",Diversão na busca / navegação
10. Imerção e sentimentos,20250607_1941,"Para você, qual parte foi mais surpreendente? Por quê?","Entender ali o... onde você tá, né? Porque o jogo não se introduz tanto... o ambiente ali, né? São imagens e tal.",não relacionado
10. Imerção e sentimentos,20250607_1941,"Para você, qual parte foi mais tediosa? Por quê?","Não foi tediosa, mas... Tediosa não tev.",sem partes tediosas
10. Imerção e sentimentos,20250607_2206,"Para você, qual parte foi mais divertida? Por quê?","Cara, achei o cenário mesmo, porque a tartaruga, acho que a tartaruga era o peixe mais impactante ali, que está mais perto. Então, eu vi o cenário ali embaixo, os peixes passando, acho que foi a parte mais da hora.",impacto visual positivo
10. Imerção e sentimentos,20250607_2206,"Para você, qual parte foi mais surpreendente? Por quê?","Cara, surpreendente. Acredito que tenha sido também... Acho o gráfico interessante. Surpreendente, assim. Tipo, eu vi ele e falei, pô, admirei, tá ligado? Deu pra admirar os peixinhos ali, a variedade. Acho que esse foi o mais surpreendente mesmo, o gráfico. Eu esperava uma parada mais animação e eu vi que era mais realístico, sabe?",impacto visual positivo
10. Imerção e sentimentos,20250607_2206,"Para você, qual parte foi mais tediosa? Por quê?","Cara, foi achar o peixe ali dentro e meio, achei, e mais pessoas de minigame também, achei meio tedioso, né?","mecânica de cura é tediosa, melhorar a mecânica de cura"
10. Imerção e sentimentos,20250608_1448,"Para você, qual parte foi mais divertida? Por quê?",A do minigame. Porque era a que me exigiu mais concentração e foco.,diversão na cura
10. Imerção e sentimentos,20250608_1448,"Para você, qual parte foi mais surpreendente? Por quê?",O visual. Tinha bem bonito. Principalmente a tartaruguinha ali. Bem bonitinho.,impacto visual positivo
10. Imerção e sentimentos,20250608_1448,"Para você, qual parte foi mais tediosa? Por quê?",Não teve. É bem tranquilo. A experiência dele é bonitinha.,sem partes tediosas
10. Imerção e sentimentos,20250608_1520,"Para você, qual parte foi mais divertida? Por quê?","É porque de início é muito maneiro, você vê tudo e vê que você controla a coisa, mas literalmente levantar a mão e pegar o peixe, eu achei a parte mais legal. Porque como eu disse, é tipo, poder... Quando você mexe o braço também acaba que você entra mais no jogo do que só com óculos. Porque só com óculos é como se você estivesse com controle normal. E só olhando mesmo. Mas quando você tem controle que também meio que te insere mais ainda no jogo, entendeu?","Diversão na captura, surpresa com a imersão"
10. Imerção e sentimentos,20250608_1520,"Para você, qual parte foi mais surpreendente? Por quê?",Eu mexer com a garrinha só com os meus braços.,"surpresa com o controle da garra, surpresa com a imersão"
10. Imerção e sentimentos,20250608_1520,"Para você, qual parte foi mais tediosa? Por quê?",Foi o joguinho de cura assim que foi bem.,mecânica de cura é tediosa
10. Imerção e sentimentos,20250609_2048,"Para você, qual parte foi mais divertida? Por quê?","Eu acho que... navegar pelo mar com o negócio. Porque é legal, né? É divertido mexer. É como se fosse um helicópto né, também Essas coisas igual Drone, Drone. Voar é legal, tipo É maneiro, né? É simulação de algo que eu não tinha simulado antes, né? É real.","experiência divertida, Diversão na busca / navegação"
10. Imerção e sentimentos,20250609_2048,"Para você, qual parte foi mais surpreendente? Por quê?","Polimento Tá muito bem polido o jogo, muito... Sabe? Sem bug, funciona como esperado.",impacto visual positivo
10. Imerção e sentimentos,20250609_2048,"Para você, qual parte foi mais tediosa? Por quê?",Não teve.,sem partes tediosas
11. Contribuições finais,20250607_1653,"Se você pudesse mudar ou melhorar qualquer parte do jogo, o que seria? Por quê?","Seria as explicações para como segurar o peixe, como cuidar do peixe. Entendi.","melhorarar explicações de captura, melhorarar explicações de cura"
11. Contribuições finais,20250607_1653,"Gostaria de deixar algum outro comentário, sugestão ou impressão que não foi abordada nas perguntas anteriores?","Ah, pela experiência que eu tive pela primeira vez jogando algo em realidade virtual, foi uma sensação maravilhosa.","experiência inédita mencionada, elogio geral ao jogo"
11. Contribuições finais,20250607_1728,"Se você pudesse mudar ou melhorar qualquer parte do jogo, o que seria? Por quê?",A movimentação das garras.,crítica à mecânica de captura
11. Contribuições finais,20250607_1728,"Gostaria de deixar algum outro comentário, sugestão ou impressão que não foi abordada nas perguntas anteriores?","Sim, mais explicação.",sugestão de mais instruções
11. Contribuições finais,20250607_1903,"Se você pudesse mudar ou melhorar qualquer parte do jogo, o que seria? Por quê?","Eu acho que eu colocaria mais uma etapa ou mudaria essa parte do verdinho para uma outra coisa. Etapa, por exemplo, é... Peguei o peixe, e aí fazer alguma coisa com ele, que não fosse dar algum negocinho na barrinha verde, ou ser a barrinha verde mais uma coisa, porque acaba que foi muito rápido. E aí fica a situação de querer mais alguma coisa. Acho que se tivesse mais uma coisa além daquela barrinha verde, acho que seria interessante.","melhoria  na mecânica de cura, dimunuir distênciamento entre objetivo e mecânica na cura, melhorar os feedbacks"
11. Contribuições finais,20250607_1903,"Gostaria de deixar algum outro comentário, sugestão ou impressão que não foi abordada nas perguntas anteriores?",Não.,sem comentário adicional
11. Contribuições finais,20250607_1941,"Se você pudesse mudar ou melhorar qualquer parte do jogo, o que seria? Por quê?","Eu acho que a sugestão da movimentação desse eixo a mais. E trazer um pouco mais da realidade, assim, tipo... Talvez transportar o peixe pra algum lugar, ou... Algo assim, né? Tipo... A ideia é de que... Ou você tá ajudando ele que ele seja curado, que de fato você pratica uma ação pra... Fazer aquele peixe ali melhor.","crítica à mecânica de controle, melhoria  na mecânica de cura, dimunuir distênciamento entre objetivo e mecânica na cura"
11. Contribuições finais,20250607_1941,"Gostaria de deixar algum outro comentário, sugestão ou impressão que não foi abordada nas perguntas anteriores?","Acho que não, acho que foi tudo abordado. Show.",sem comentário adicional
11. Contribuições finais,20250607_2206,"Se você pudesse mudar ou melhorar qualquer parte do jogo, o que seria? Por quê?","Cara, primeiro eu acho que eu melhoraria ali... Os peixes assim, por exemplo, os peixes que apareciam brilhantes pra mim eram os peixes secundários, parecia a tartaruga no momento, que era o peixe mais impactante. Todo mundo queria pegar a tartaruga, entendeu? Eu vi que tava mais ali na frente. Aí apareceu o peixinho que nem nem brilhoso ali e depois sumiu o brilho, sabe? Então eu acho que se... Talvez botasse peixe mais impactante pra essas brilhosas, já chamou mais atenção no seu olho, já vai pro peixe mais impactante aí, já tá brilhando ali. Pelo menos alguns. E eu acho que se você estiver muito perdido no jogo, acho que ele poderia, como é um jogo recreativo na minha cabeça, ele poderia começar a facilitar. Então se você ficou muito tempo sem achar o peixe, talvez ele apareça mais em destaque na sua tela ali, pra você já avançar as fases, ter um feedback positivo ali. Eu acredito que o minigame também ali, não encaixou muito esse minigame com o curar. Pois não da para saber que o peixe está doente e seria bacana ter um feedback que você está ajudando o peixe a melhorar.","melhorarar a mecênica de captura, melhoria  na mecânica de identificação do animal marinho, melhoria no radar, melhorar os feedbacks"
11. Contribuições finais,20250607_2206,"Gostaria de deixar algum outro comentário, sugestão ou impressão que não foi abordada nas perguntas anteriores?","Cara, acho que... Não, o jogo foi maneiro. Achei... Achei o gráfico bom, assim, a ideia boa. Acho que tem alguns detalhezinhos só ali que eu não entendi muito bem do jogo. Que coisa é essa mais clara? De UX mesmo, imagina, hein? Ah... Acho que ficaria maneiro pra um recreativo ali, pra... Pra uma criança, imagina eu.","sem comentário adicional, elogio geral ao jogo"
11. Contribuições finais,20250608_1448,"Se você pudesse mudar ou melhorar qualquer parte do jogo, o que seria? Por quê?","As coisas que eu falei anteriormente. Eu botaria instruções como começar o jogo, porque fui apertando todos os botões até descobrir qual é. Eu talvez botaria mais tempo para a instrução escrita, deixaria um pouco mais de tempo. Principalmente quando ele tá explicando quando será curar o peixe. Se tem um texto grande, depois troca pra outro. Também teve uma parte que, quando você cura o peixe, a instrução ainda fica ali e não tem nenhuma notificação que a tarefa foi concluída. Acho que talvez um tipo, ah, sei lá, tarefa concluída, alguma coisa assim, ajude, porque eu escrevi tipo, ah, e agora? Será que acabou? Será que não acabou? E a instrução ficava embaixo ainda. Não era a instrução pro próximo passo, era a instrução da cura. Também o radar. Eu acho que, principalmente quando ele fala do radar, localizar onde tá com brilhinho ou qualquer coisa, e melhorar essa percepção do que é a frente e a trás do submarino.","tentativa e erro para iniciar o jogo, problema na leitura das intruções, falta de feedback, melhorar a mecânica do radar"
11. Contribuições finais,20250608_1448,"Gostaria de deixar algum outro comentário, sugestão ou impressão que não foi abordada nas perguntas anteriores?",Não.,sem comentário adicional
11. Contribuições finais,20250608_1520,"Se você pudesse mudar ou melhorar qualquer parte do jogo, o que seria? Por quê?","Só colocar uma tarefa de cura mais diferente, ou mais dificilzinha, mais rápida, com mais dificuldade, sei lá, com a velocidade aumentando e diminuindo ao longo da... da retinha, porque era muito fácil de salvar o peixe.","mecânica de cura é tediosa, melhorar a mecânica de cura"
11. Contribuições finais,20250608_1520,"Gostaria de deixar algum outro comentário, sugestão ou impressão que não foi abordada nas perguntas anteriores?",Joguinho divertido!,elogio geral ao jogo
11. Contribuições finais,20250609_2048,"Se você pudesse mudar ou melhorar qualquer parte do jogo, o que seria? Por quê?","Ah... A parte de pegar o peixe talvez, é um pouco mágica, tipo você aperta lá e o peixe meio aparece ali no meio, mas não sei muito como ele é, talvez uma rede, sei lá, eu não sei. Mas enfim, talvez deixar mais realista, né. Acho que a parte quando tá mostrando os tutoriais. Eu acho que talvez, se você não estiver olhando pra lá, ter tipo uma setinha assim embaixo, tipo, olha pra lá, tá ligado? Onde você tem que estar olhando agora pro tutorial. Não tipo, ó, ali embaixo, ali, ali. Tipo, uma seta mesmo assim, não é visão, só seta 3D.","melhorar a mecânica de cura, problema na leitura das intruções"
11. Contribuições finais,20250609_2048,"Gostaria de deixar algum outro comentário, sugestão ou impressão que não foi abordada nas perguntas anteriores?",Duvido alguém bater meu recorde.,não relacionado